{"0.0": {"precision": 0.9580949078087971, "recall": 0.7669103358934024, "f1-score": 0.8519080046254658, "support": 21614.0}, "1.0": {"precision": 0.8056776980637198, "recall": 0.9664553740804146, "f1-score": 0.8787732177790867, "support": 21613.0}, "accuracy": 0.866680546880422, "macro avg": {"precision": 0.8818863029362585, "recall": 0.8666828549869086, "f1-score": 0.8653406112022762, "support": 43227.0}, "weighted avg": {"precision": 0.8818880659224677, "recall": 0.866680546880422, "f1-score": 0.8653403004565253, "support": 43227.0}}