{"0.0": {"precision": 0.769137538178116, "recall": 0.7340149902840751, "f1-score": 0.751165928836912, "support": 21614.0}, "1.0": {"precision": 0.7456194690265486, "recall": 0.779669643270254, "f1-score": 0.7622644923438807, "support": 21613.0}, "accuracy": 0.7568417886968792, "macro avg": {"precision": 0.7573785036023324, "recall": 0.7568423167771645, "f1-score": 0.7567152105903964, "support": 43227.0}, "weighted avg": {"precision": 0.7573787756321881, "recall": 0.7568417886968792, "f1-score": 0.7567150822150348, "support": 43227.0}}